-- ============================================================================
-- HR SaaS Platform - Simple Sample Data (소량)
-- 테넌트 2개, 직원 약 50명
-- ============================================================================

-- ============================================================================
-- 1. 테넌트 (2개)
-- ============================================================================
INSERT INTO tenant_common.tenant (id, code, name, business_number, representative_name, address, phone, email, status, plan_type, contract_start_date, contract_end_date, max_employees, created_at, updated_at, created_by, updated_by)
VALUES
    ('a0000001-0000-0000-0000-000000000001', 'DEMO_CORP', '데모기업', '123-45-67890', '홍길동', '서울시 강남구 테헤란로 123', '02-1234-5678', 'contact@demo.co.kr', 'ACTIVE', 'ENTERPRISE', '2024-01-01', '2026-12-31', 1000, NOW(), NOW(), '00000000-0000-0000-0000-000000000000', '00000000-0000-0000-0000-000000000000'),
    ('a0000001-0000-0000-0000-000000000002', 'TEST_CORP', '테스트기업', '987-65-43210', '김철수', '서울시 서초구 서초대로 456', '02-9876-5432', 'contact@test.co.kr', 'ACTIVE', 'STANDARD', '2024-01-01', '2026-12-31', 500, NOW(), NOW(), '00000000-0000-0000-0000-000000000000', '00000000-0000-0000-0000-000000000000');

-- ============================================================================
-- 2. 테넌트 정책
-- ============================================================================
INSERT INTO tenant_common.tenant_policy (id, tenant_id, policy_type, policy_data, is_active, created_at, updated_at)
VALUES
    (gen_random_uuid(), 'a0000001-0000-0000-0000-000000000001', 'PASSWORD_MIN_LENGTH', '8', true, NOW(), NOW()),
    (gen_random_uuid(), 'a0000001-0000-0000-0000-000000000001', 'SESSION_TIMEOUT', '30', true, NOW(), NOW()),
    (gen_random_uuid(), 'a0000001-0000-0000-0000-000000000002', 'PASSWORD_MIN_LENGTH', '8', true, NOW(), NOW()),
    (gen_random_uuid(), 'a0000001-0000-0000-0000-000000000002', 'SESSION_TIMEOUT', '30', true, NOW(), NOW());

-- ============================================================================
-- 3. 코드 그룹 & 공통 코드
-- ============================================================================
INSERT INTO tenant_common.code_group (id, tenant_id, group_code, group_name, description, is_system, is_active, created_at, updated_at)
VALUES
    (gen_random_uuid(), 'a0000001-0000-0000-0000-000000000001', 'EMP_STATUS', '재직상태', '직원 재직 상태 코드', true, true, NOW(), NOW()),
    (gen_random_uuid(), 'a0000001-0000-0000-0000-000000000001', 'EMP_TYPE', '고용형태', '고용 형태 코드', true, true, NOW(), NOW()),
    (gen_random_uuid(), 'a0000001-0000-0000-0000-000000000002', 'EMP_STATUS', '재직상태', '직원 재직 상태 코드', true, true, NOW(), NOW()),
    (gen_random_uuid(), 'a0000001-0000-0000-0000-000000000002', 'EMP_TYPE', '고용형태', '고용 형태 코드', true, true, NOW(), NOW());

-- ============================================================================
-- 4. 직급 (Grade)
-- ============================================================================
INSERT INTO hr_core.grade (id, tenant_id, code, name, name_en, level, sort_order, is_active, created_at, updated_at)
VALUES
    (gen_random_uuid(), 'a0000001-0000-0000-0000-000000000001', 'G1', '사원', 'Staff', 1, 10, true, NOW(), NOW()),
    (gen_random_uuid(), 'a0000001-0000-0000-0000-000000000001', 'G2', '대리', 'Assistant Manager', 2, 20, true, NOW(), NOW()),
    (gen_random_uuid(), 'a0000001-0000-0000-0000-000000000001', 'G3', '과장', 'Manager', 3, 30, true, NOW(), NOW()),
    (gen_random_uuid(), 'a0000001-0000-0000-0000-000000000001', 'G4', '차장', 'Deputy General Manager', 4, 40, true, NOW(), NOW()),
    (gen_random_uuid(), 'a0000001-0000-0000-0000-000000000001', 'G5', '부장', 'General Manager', 5, 50, true, NOW(), NOW()),
    (gen_random_uuid(), 'a0000001-0000-0000-0000-000000000001', 'G6', '이사', 'Director', 6, 60, true, NOW(), NOW()),
    (gen_random_uuid(), 'a0000001-0000-0000-0000-000000000002', 'G1', '사원', 'Staff', 1, 10, true, NOW(), NOW()),
    (gen_random_uuid(), 'a0000001-0000-0000-0000-000000000002', 'G2', '대리', 'Assistant Manager', 2, 20, true, NOW(), NOW()),
    (gen_random_uuid(), 'a0000001-0000-0000-0000-000000000002', 'G3', '과장', 'Manager', 3, 30, true, NOW(), NOW()),
    (gen_random_uuid(), 'a0000001-0000-0000-0000-000000000002', 'G4', '차장', 'Deputy General Manager', 4, 40, true, NOW(), NOW()),
    (gen_random_uuid(), 'a0000001-0000-0000-0000-000000000002', 'G5', '부장', 'General Manager', 5, 50, true, NOW(), NOW());

-- ============================================================================
-- 5. 직책 (Position)
-- ============================================================================
INSERT INTO hr_core.position (id, tenant_id, code, name, name_en, level, sort_order, is_active, created_at, updated_at)
VALUES
    (gen_random_uuid(), 'a0000001-0000-0000-0000-000000000001', 'CEO', '대표이사', 'CEO', 1, 10, true, NOW(), NOW()),
    (gen_random_uuid(), 'a0000001-0000-0000-0000-000000000001', 'DEPT_HEAD', '부서장', 'Department Head', 2, 20, true, NOW(), NOW()),
    (gen_random_uuid(), 'a0000001-0000-0000-0000-000000000001', 'TEAM_LEAD', '팀장', 'Team Leader', 3, 30, true, NOW(), NOW()),
    (gen_random_uuid(), 'a0000001-0000-0000-0000-000000000001', 'MEMBER', '팀원', 'Team Member', 4, 40, true, NOW(), NOW()),
    (gen_random_uuid(), 'a0000001-0000-0000-0000-000000000002', 'CEO', '대표이사', 'CEO', 1, 10, true, NOW(), NOW()),
    (gen_random_uuid(), 'a0000001-0000-0000-0000-000000000002', 'DEPT_HEAD', '부서장', 'Department Head', 2, 20, true, NOW(), NOW()),
    (gen_random_uuid(), 'a0000001-0000-0000-0000-000000000002', 'TEAM_LEAD', '팀장', 'Team Leader', 3, 30, true, NOW(), NOW()),
    (gen_random_uuid(), 'a0000001-0000-0000-0000-000000000002', 'MEMBER', '팀원', 'Team Member', 4, 40, true, NOW(), NOW());

-- ============================================================================
-- 6. 부서 (Department)
-- ============================================================================
-- 데모기업 부서
INSERT INTO hr_core.department (id, tenant_id, parent_id, code, name, name_en, level, sort_order, status, created_at, updated_at)
VALUES
    ('d0000001-0000-0000-0000-000000000001', 'a0000001-0000-0000-0000-000000000001', NULL, 'COMPANY', '데모기업', 'Demo Corp', 0, 1, 'ACTIVE', NOW(), NOW()),
    ('d0000001-0000-0000-0000-000000000002', 'a0000001-0000-0000-0000-000000000001', 'd0000001-0000-0000-0000-000000000001', 'MGMT', '경영지원본부', 'Management Support', 1, 10, 'ACTIVE', NOW(), NOW()),
    ('d0000001-0000-0000-0000-000000000003', 'a0000001-0000-0000-0000-000000000001', 'd0000001-0000-0000-0000-000000000002', 'HR', '인사팀', 'HR Team', 2, 11, 'ACTIVE', NOW(), NOW()),
    ('d0000001-0000-0000-0000-000000000004', 'a0000001-0000-0000-0000-000000000001', 'd0000001-0000-0000-0000-000000000002', 'FIN', '재무팀', 'Finance Team', 2, 12, 'ACTIVE', NOW(), NOW()),
    ('d0000001-0000-0000-0000-000000000005', 'a0000001-0000-0000-0000-000000000001', 'd0000001-0000-0000-0000-000000000001', 'DEV', '개발본부', 'Development', 1, 20, 'ACTIVE', NOW(), NOW()),
    ('d0000001-0000-0000-0000-000000000006', 'a0000001-0000-0000-0000-000000000001', 'd0000001-0000-0000-0000-000000000005', 'DEV1', '개발1팀', 'Dev Team 1', 2, 21, 'ACTIVE', NOW(), NOW()),
    ('d0000001-0000-0000-0000-000000000007', 'a0000001-0000-0000-0000-000000000001', 'd0000001-0000-0000-0000-000000000005', 'DEV2', '개발2팀', 'Dev Team 2', 2, 22, 'ACTIVE', NOW(), NOW()),
    ('d0000001-0000-0000-0000-000000000008', 'a0000001-0000-0000-0000-000000000001', 'd0000001-0000-0000-0000-000000000001', 'SALES', '영업본부', 'Sales', 1, 30, 'ACTIVE', NOW(), NOW()),
    ('d0000001-0000-0000-0000-000000000009', 'a0000001-0000-0000-0000-000000000001', 'd0000001-0000-0000-0000-000000000008', 'SALES1', '영업1팀', 'Sales Team 1', 2, 31, 'ACTIVE', NOW(), NOW());

-- 테스트기업 부서
INSERT INTO hr_core.department (id, tenant_id, parent_id, code, name, name_en, level, sort_order, status, created_at, updated_at)
VALUES
    ('d0000002-0000-0000-0000-000000000001', 'a0000001-0000-0000-0000-000000000002', NULL, 'COMPANY', '테스트기업', 'Test Corp', 0, 1, 'ACTIVE', NOW(), NOW()),
    ('d0000002-0000-0000-0000-000000000002', 'a0000001-0000-0000-0000-000000000002', 'd0000002-0000-0000-0000-000000000001', 'ADMIN', '관리부', 'Admin', 1, 10, 'ACTIVE', NOW(), NOW()),
    ('d0000002-0000-0000-0000-000000000003', 'a0000001-0000-0000-0000-000000000002', 'd0000002-0000-0000-0000-000000000001', 'TECH', '기술부', 'Tech', 1, 20, 'ACTIVE', NOW(), NOW());

-- ============================================================================
-- 7. 직원 (Employee) - 데모기업 30명, 테스트기업 15명
-- ============================================================================
-- 데모기업 직원
INSERT INTO hr_core.employee (id, tenant_id, employee_number, name, name_en, email, phone, mobile, department_id, position_code, job_title_code, hire_date, status, employment_type, created_at, updated_at, created_by, updated_by)
VALUES
    -- 경영진
    ('e0000001-0000-0000-0000-000000000001', 'a0000001-0000-0000-0000-000000000001', 'DEMO001', '홍길동', 'Gil-dong Hong', 'ceo@demo.co.kr', '02-1234-5678', '010-1234-5678', 'd0000001-0000-0000-0000-000000000001', 'CEO', 'G6', '2020-01-01', 'ACTIVE', 'REGULAR', NOW(), NOW(), '00000000-0000-0000-0000-000000000000', '00000000-0000-0000-0000-000000000000'),
    -- 인사팀
    ('e0000001-0000-0000-0000-000000000002', 'a0000001-0000-0000-0000-000000000001', 'DEMO002', '김인사', 'Insa Kim', 'hr.kim@demo.co.kr', '02-1234-5679', '010-1234-5679', 'd0000001-0000-0000-0000-000000000003', 'TEAM_LEAD', 'G4', '2021-03-01', 'ACTIVE', 'REGULAR', NOW(), NOW(), '00000000-0000-0000-0000-000000000000', '00000000-0000-0000-0000-000000000000'),
    ('e0000001-0000-0000-0000-000000000003', 'a0000001-0000-0000-0000-000000000001', 'DEMO003', '이채용', 'Chaeyong Lee', 'hr.lee@demo.co.kr', '02-1234-5680', '010-1234-5680', 'd0000001-0000-0000-0000-000000000003', 'MEMBER', 'G2', '2022-06-01', 'ACTIVE', 'REGULAR', NOW(), NOW(), '00000000-0000-0000-0000-000000000000', '00000000-0000-0000-0000-000000000000'),
    ('e0000001-0000-0000-0000-000000000004', 'a0000001-0000-0000-0000-000000000001', 'DEMO004', '박급여', 'Geupyeo Park', 'hr.park@demo.co.kr', '02-1234-5681', '010-1234-5681', 'd0000001-0000-0000-0000-000000000003', 'MEMBER', 'G1', '2023-01-01', 'ACTIVE', 'REGULAR', NOW(), NOW(), '00000000-0000-0000-0000-000000000000', '00000000-0000-0000-0000-000000000000'),
    -- 재무팀
    ('e0000001-0000-0000-0000-000000000005', 'a0000001-0000-0000-0000-000000000001', 'DEMO005', '최재무', 'Jaemu Choi', 'fin.choi@demo.co.kr', '02-1234-5682', '010-1234-5682', 'd0000001-0000-0000-0000-000000000004', 'TEAM_LEAD', 'G4', '2020-05-01', 'ACTIVE', 'REGULAR', NOW(), NOW(), '00000000-0000-0000-0000-000000000000', '00000000-0000-0000-0000-000000000000'),
    ('e0000001-0000-0000-0000-000000000006', 'a0000001-0000-0000-0000-000000000001', 'DEMO006', '정회계', 'Hoegye Jung', 'fin.jung@demo.co.kr', '02-1234-5683', '010-1234-5683', 'd0000001-0000-0000-0000-000000000004', 'MEMBER', 'G3', '2021-07-01', 'ACTIVE', 'REGULAR', NOW(), NOW(), '00000000-0000-0000-0000-000000000000', '00000000-0000-0000-0000-000000000000'),
    ('e0000001-0000-0000-0000-000000000007', 'a0000001-0000-0000-0000-000000000001', 'DEMO007', '강예산', 'Yesan Kang', 'fin.kang@demo.co.kr', '02-1234-5684', '010-1234-5684', 'd0000001-0000-0000-0000-000000000004', 'MEMBER', 'G2', '2022-09-01', 'ACTIVE', 'REGULAR', NOW(), NOW(), '00000000-0000-0000-0000-000000000000', '00000000-0000-0000-0000-000000000000'),
    -- 개발1팀
    ('e0000001-0000-0000-0000-000000000008', 'a0000001-0000-0000-0000-000000000001', 'DEMO008', '윤개발', 'Gaebal Yoon', 'dev.yoon@demo.co.kr', '02-1234-5685', '010-1234-5685', 'd0000001-0000-0000-0000-000000000006', 'TEAM_LEAD', 'G4', '2020-02-01', 'ACTIVE', 'REGULAR', NOW(), NOW(), '00000000-0000-0000-0000-000000000000', '00000000-0000-0000-0000-000000000000'),
    ('e0000001-0000-0000-0000-000000000009', 'a0000001-0000-0000-0000-000000000001', 'DEMO009', '장백엔', 'Baeken Jang', 'dev.jang@demo.co.kr', '02-1234-5686', '010-1234-5686', 'd0000001-0000-0000-0000-000000000006', 'MEMBER', 'G3', '2021-04-01', 'ACTIVE', 'REGULAR', NOW(), NOW(), '00000000-0000-0000-0000-000000000000', '00000000-0000-0000-0000-000000000000'),
    ('e0000001-0000-0000-0000-000000000010', 'a0000001-0000-0000-0000-000000000001', 'DEMO010', '임프론', 'Peuron Im', 'dev.im@demo.co.kr', '02-1234-5687', '010-1234-5687', 'd0000001-0000-0000-0000-000000000006', 'MEMBER', 'G2', '2022-03-01', 'ACTIVE', 'REGULAR', NOW(), NOW(), '00000000-0000-0000-0000-000000000000', '00000000-0000-0000-0000-000000000000'),
    ('e0000001-0000-0000-0000-000000000011', 'a0000001-0000-0000-0000-000000000001', 'DEMO011', '한풀스', 'Pulseu Han', 'dev.han@demo.co.kr', '02-1234-5688', '010-1234-5688', 'd0000001-0000-0000-0000-000000000006', 'MEMBER', 'G2', '2022-08-01', 'ACTIVE', 'REGULAR', NOW(), NOW(), '00000000-0000-0000-0000-000000000000', '00000000-0000-0000-0000-000000000000'),
    ('e0000001-0000-0000-0000-000000000012', 'a0000001-0000-0000-0000-000000000001', 'DEMO012', '오주니', 'Juni Oh', 'dev.oh@demo.co.kr', '02-1234-5689', '010-1234-5689', 'd0000001-0000-0000-0000-000000000006', 'MEMBER', 'G1', '2023-03-01', 'ACTIVE', 'REGULAR', NOW(), NOW(), '00000000-0000-0000-0000-000000000000', '00000000-0000-0000-0000-000000000000'),
    ('e0000001-0000-0000-0000-000000000013', 'a0000001-0000-0000-0000-000000000001', 'DEMO013', '서시니', 'Sini Seo', 'dev.seo@demo.co.kr', '02-1234-5690', '010-1234-5690', 'd0000001-0000-0000-0000-000000000006', 'MEMBER', 'G1', '2024-01-01', 'ACTIVE', 'REGULAR', NOW(), NOW(), '00000000-0000-0000-0000-000000000000', '00000000-0000-0000-0000-000000000000'),
    -- 개발2팀
    ('e0000001-0000-0000-0000-000000000014', 'a0000001-0000-0000-0000-000000000001', 'DEMO014', '신테크', 'Tech Shin', 'dev2.shin@demo.co.kr', '02-1234-5691', '010-1234-5691', 'd0000001-0000-0000-0000-000000000007', 'TEAM_LEAD', 'G4', '2020-06-01', 'ACTIVE', 'REGULAR', NOW(), NOW(), '00000000-0000-0000-0000-000000000000', '00000000-0000-0000-0000-000000000000'),
    ('e0000001-0000-0000-0000-000000000015', 'a0000001-0000-0000-0000-000000000001', 'DEMO015', '권데브', 'Dev Kwon', 'dev2.kwon@demo.co.kr', '02-1234-5692', '010-1234-5692', 'd0000001-0000-0000-0000-000000000007', 'MEMBER', 'G3', '2021-08-01', 'ACTIVE', 'REGULAR', NOW(), NOW(), '00000000-0000-0000-0000-000000000000', '00000000-0000-0000-0000-000000000000'),
    ('e0000001-0000-0000-0000-000000000016', 'a0000001-0000-0000-0000-000000000001', 'DEMO016', '조코딩', 'Coding Jo', 'dev2.jo@demo.co.kr', '02-1234-5693', '010-1234-5693', 'd0000001-0000-0000-0000-000000000007', 'MEMBER', 'G2', '2022-05-01', 'ACTIVE', 'REGULAR', NOW(), NOW(), '00000000-0000-0000-0000-000000000000', '00000000-0000-0000-0000-000000000000'),
    ('e0000001-0000-0000-0000-000000000017', 'a0000001-0000-0000-0000-000000000001', 'DEMO017', '백엔드', 'End Baek', 'dev2.baek@demo.co.kr', '02-1234-5694', '010-1234-5694', 'd0000001-0000-0000-0000-000000000007', 'MEMBER', 'G2', '2023-02-01', 'ACTIVE', 'REGULAR', NOW(), NOW(), '00000000-0000-0000-0000-000000000000', '00000000-0000-0000-0000-000000000000'),
    ('e0000001-0000-0000-0000-000000000018', 'a0000001-0000-0000-0000-000000000001', 'DEMO018', '프론트', 'Front Peu', 'dev2.peu@demo.co.kr', '02-1234-5695', '010-1234-5695', 'd0000001-0000-0000-0000-000000000007', 'MEMBER', 'G1', '2023-07-01', 'ACTIVE', 'REGULAR', NOW(), NOW(), '00000000-0000-0000-0000-000000000000', '00000000-0000-0000-0000-000000000000'),
    -- 영업1팀
    ('e0000001-0000-0000-0000-000000000019', 'a0000001-0000-0000-0000-000000000001', 'DEMO019', '양영업', 'Yeongup Yang', 'sales.yang@demo.co.kr', '02-1234-5696', '010-1234-5696', 'd0000001-0000-0000-0000-000000000009', 'TEAM_LEAD', 'G4', '2020-04-01', 'ACTIVE', 'REGULAR', NOW(), NOW(), '00000000-0000-0000-0000-000000000000', '00000000-0000-0000-0000-000000000000'),
    ('e0000001-0000-0000-0000-000000000020', 'a0000001-0000-0000-0000-000000000001', 'DEMO020', '배세일', 'Seil Bae', 'sales.bae@demo.co.kr', '02-1234-5697', '010-1234-5697', 'd0000001-0000-0000-0000-000000000009', 'MEMBER', 'G3', '2021-05-01', 'ACTIVE', 'REGULAR', NOW(), NOW(), '00000000-0000-0000-0000-000000000000', '00000000-0000-0000-0000-000000000000'),
    ('e0000001-0000-0000-0000-000000000021', 'a0000001-0000-0000-0000-000000000001', 'DEMO021', '노마켓', 'Market No', 'sales.no@demo.co.kr', '02-1234-5698', '010-1234-5698', 'd0000001-0000-0000-0000-000000000009', 'MEMBER', 'G2', '2022-04-01', 'ACTIVE', 'REGULAR', NOW(), NOW(), '00000000-0000-0000-0000-000000000000', '00000000-0000-0000-0000-000000000000'),
    ('e0000001-0000-0000-0000-000000000022', 'a0000001-0000-0000-0000-000000000001', 'DEMO022', '하딜러', 'Dealer Ha', 'sales.ha@demo.co.kr', '02-1234-5699', '010-1234-5699', 'd0000001-0000-0000-0000-000000000009', 'MEMBER', 'G1', '2023-06-01', 'ACTIVE', 'REGULAR', NOW(), NOW(), '00000000-0000-0000-0000-000000000000', '00000000-0000-0000-0000-000000000000');

-- 테스트기업 직원
INSERT INTO hr_core.employee (id, tenant_id, employee_number, name, name_en, email, phone, mobile, department_id, position_code, job_title_code, hire_date, status, employment_type, created_at, updated_at, created_by, updated_by)
VALUES
    ('e0000002-0000-0000-0000-000000000001', 'a0000001-0000-0000-0000-000000000002', 'TEST001', '김철수', 'Cheolsu Kim', 'ceo@test.co.kr', '02-9876-5432', '010-9876-5432', 'd0000002-0000-0000-0000-000000000001', 'CEO', 'G5', '2021-01-01', 'ACTIVE', 'REGULAR', NOW(), NOW(), '00000000-0000-0000-0000-000000000000', '00000000-0000-0000-0000-000000000000'),
    ('e0000002-0000-0000-0000-000000000002', 'a0000001-0000-0000-0000-000000000002', 'TEST002', '박영희', 'Younghee Park', 'admin.park@test.co.kr', '02-9876-5433', '010-9876-5433', 'd0000002-0000-0000-0000-000000000002', 'TEAM_LEAD', 'G4', '2021-03-01', 'ACTIVE', 'REGULAR', NOW(), NOW(), '00000000-0000-0000-0000-000000000000', '00000000-0000-0000-0000-000000000000'),
    ('e0000002-0000-0000-0000-000000000003', 'a0000001-0000-0000-0000-000000000002', 'TEST003', '이민수', 'Minsu Lee', 'admin.lee@test.co.kr', '02-9876-5434', '010-9876-5434', 'd0000002-0000-0000-0000-000000000002', 'MEMBER', 'G2', '2022-05-01', 'ACTIVE', 'REGULAR', NOW(), NOW(), '00000000-0000-0000-0000-000000000000', '00000000-0000-0000-0000-000000000000'),
    ('e0000002-0000-0000-0000-000000000004', 'a0000001-0000-0000-0000-000000000002', 'TEST004', '정기술', 'Gisul Jung', 'tech.jung@test.co.kr', '02-9876-5435', '010-9876-5435', 'd0000002-0000-0000-0000-000000000003', 'TEAM_LEAD', 'G4', '2021-06-01', 'ACTIVE', 'REGULAR', NOW(), NOW(), '00000000-0000-0000-0000-000000000000', '00000000-0000-0000-0000-000000000000'),
    ('e0000002-0000-0000-0000-000000000005', 'a0000001-0000-0000-0000-000000000002', 'TEST005', '강개발', 'Gaebal Kang', 'tech.kang@test.co.kr', '02-9876-5436', '010-9876-5436', 'd0000002-0000-0000-0000-000000000003', 'MEMBER', 'G3', '2022-01-01', 'ACTIVE', 'REGULAR', NOW(), NOW(), '00000000-0000-0000-0000-000000000000', '00000000-0000-0000-0000-000000000000'),
    ('e0000002-0000-0000-0000-000000000006', 'a0000001-0000-0000-0000-000000000002', 'TEST006', '윤코딩', 'Coding Yoon', 'tech.yoon@test.co.kr', '02-9876-5437', '010-9876-5437', 'd0000002-0000-0000-0000-000000000003', 'MEMBER', 'G2', '2022-09-01', 'ACTIVE', 'REGULAR', NOW(), NOW(), '00000000-0000-0000-0000-000000000000', '00000000-0000-0000-0000-000000000000'),
    ('e0000002-0000-0000-0000-000000000007', 'a0000001-0000-0000-0000-000000000002', 'TEST007', '조신입', 'Sinip Jo', 'tech.jo@test.co.kr', '02-9876-5438', '010-9876-5438', 'd0000002-0000-0000-0000-000000000003', 'MEMBER', 'G1', '2024-01-01', 'ACTIVE', 'REGULAR', NOW(), NOW(), '00000000-0000-0000-0000-000000000000', '00000000-0000-0000-0000-000000000000');

-- ============================================================================
-- 8. 휴가 잔액 (Leave Balance)
-- ============================================================================
INSERT INTO hr_attendance.leave_balance (id, tenant_id, employee_id, year, leave_type, total_days, used_days, pending_days, carried_over_days, created_at, updated_at)
SELECT
    gen_random_uuid(),
    e.tenant_id,
    e.id,
    2025,
    'ANNUAL',
    15.0,
    FLOOR(RANDOM() * 5)::DECIMAL,
    0,
    0,
    NOW(),
    NOW()
FROM hr_core.employee e;

-- ============================================================================
-- 9. 근태 기록 (최근 7일)
-- ============================================================================
INSERT INTO hr_attendance.attendance_record (id, tenant_id, employee_id, work_date, check_in_time, check_out_time, status, work_hours, created_at, updated_at)
SELECT
    gen_random_uuid(),
    e.tenant_id,
    e.id,
    CURRENT_DATE - i,
    TIME '09:00:00' + (RANDOM() * INTERVAL '30 minutes'),
    TIME '18:00:00' + (RANDOM() * INTERVAL '2 hours'),
    'NORMAL',
    480 + FLOOR(RANDOM() * 120)::INTEGER,  -- 분 단위 (8시간 + 0~2시간)
    NOW(),
    NOW()
FROM hr_core.employee e
CROSS JOIN generate_series(1, 7) AS i
WHERE EXTRACT(DOW FROM CURRENT_DATE - i) NOT IN (0, 6);  -- 주말 제외

-- ============================================================================
-- 10. 공휴일 (2025년)
-- ============================================================================
INSERT INTO hr_attendance.holiday (id, tenant_id, holiday_date, name, holiday_type, is_paid, year, created_at, updated_at)
VALUES
    (gen_random_uuid(), 'a0000001-0000-0000-0000-000000000001', '2025-01-01', '신정', 'NATIONAL', true, 2025, NOW(), NOW()),
    (gen_random_uuid(), 'a0000001-0000-0000-0000-000000000001', '2025-01-28', '설날 연휴', 'NATIONAL', true, 2025, NOW(), NOW()),
    (gen_random_uuid(), 'a0000001-0000-0000-0000-000000000001', '2025-01-29', '설날', 'NATIONAL', true, 2025, NOW(), NOW()),
    (gen_random_uuid(), 'a0000001-0000-0000-0000-000000000001', '2025-01-30', '설날 연휴', 'NATIONAL', true, 2025, NOW(), NOW()),
    (gen_random_uuid(), 'a0000001-0000-0000-0000-000000000001', '2025-03-01', '삼일절', 'NATIONAL', true, 2025, NOW(), NOW()),
    (gen_random_uuid(), 'a0000001-0000-0000-0000-000000000001', '2025-05-05', '어린이날', 'NATIONAL', true, 2025, NOW(), NOW()),
    (gen_random_uuid(), 'a0000001-0000-0000-0000-000000000001', '2025-06-06', '현충일', 'NATIONAL', true, 2025, NOW(), NOW()),
    (gen_random_uuid(), 'a0000001-0000-0000-0000-000000000001', '2025-08-15', '광복절', 'NATIONAL', true, 2025, NOW(), NOW()),
    (gen_random_uuid(), 'a0000001-0000-0000-0000-000000000001', '2025-10-03', '개천절', 'NATIONAL', true, 2025, NOW(), NOW()),
    (gen_random_uuid(), 'a0000001-0000-0000-0000-000000000001', '2025-10-09', '한글날', 'NATIONAL', true, 2025, NOW(), NOW()),
    (gen_random_uuid(), 'a0000001-0000-0000-0000-000000000001', '2025-12-25', '크리스마스', 'NATIONAL', true, 2025, NOW(), NOW()),
    (gen_random_uuid(), 'a0000001-0000-0000-0000-000000000002', '2025-01-01', '신정', 'NATIONAL', true, 2025, NOW(), NOW()),
    (gen_random_uuid(), 'a0000001-0000-0000-0000-000000000002', '2025-01-29', '설날', 'NATIONAL', true, 2025, NOW(), NOW()),
    (gen_random_uuid(), 'a0000001-0000-0000-0000-000000000002', '2025-03-01', '삼일절', 'NATIONAL', true, 2025, NOW(), NOW()),
    (gen_random_uuid(), 'a0000001-0000-0000-0000-000000000002', '2025-05-05', '어린이날', 'NATIONAL', true, 2025, NOW(), NOW()),
    (gen_random_uuid(), 'a0000001-0000-0000-0000-000000000002', '2025-08-15', '광복절', 'NATIONAL', true, 2025, NOW(), NOW()),
    (gen_random_uuid(), 'a0000001-0000-0000-0000-000000000002', '2025-12-25', '크리스마스', 'NATIONAL', true, 2025, NOW(), NOW());

-- ============================================================================
-- 11. 결재 양식 (Approval Template)
-- ============================================================================
INSERT INTO hr_approval.approval_template (id, tenant_id, code, name, document_type, description, is_active, sort_order, created_at, updated_at)
VALUES
    (gen_random_uuid(), 'a0000001-0000-0000-0000-000000000001', 'LEAVE_REQUEST', '휴가신청서', 'LEAVE', '연차/반차 휴가 신청', true, 1, NOW(), NOW()),
    (gen_random_uuid(), 'a0000001-0000-0000-0000-000000000001', 'OVERTIME_REQUEST', '초과근무신청서', 'OVERTIME', '야근/휴일근무 신청', true, 2, NOW(), NOW()),
    (gen_random_uuid(), 'a0000001-0000-0000-0000-000000000001', 'EXPENSE_REPORT', '경비청구서', 'EXPENSE', '업무 경비 청구', true, 3, NOW(), NOW()),
    (gen_random_uuid(), 'a0000001-0000-0000-0000-000000000001', 'BUSINESS_TRIP', '출장신청서', 'BUSINESS_TRIP', '국내/해외 출장 신청', true, 4, NOW(), NOW()),
    (gen_random_uuid(), 'a0000001-0000-0000-0000-000000000002', 'LEAVE_REQUEST', '휴가신청서', 'LEAVE', '연차/반차 휴가 신청', true, 1, NOW(), NOW()),
    (gen_random_uuid(), 'a0000001-0000-0000-0000-000000000002', 'OVERTIME_REQUEST', '초과근무신청서', 'OVERTIME', '야근/휴일근무 신청', true, 2, NOW(), NOW());

-- ============================================================================
-- 12. 결재 문서 (샘플)
-- ============================================================================
INSERT INTO hr_approval.approval_document (id, tenant_id, document_number, title, content, document_type, status, drafter_id, drafter_name, submitted_at, created_at, updated_at)
VALUES
    (gen_random_uuid(), 'a0000001-0000-0000-0000-000000000001', 'DOC-DEMO-20250205-001', '휴가 신청 - 이채용', '{"leave_type": "ANNUAL", "start_date": "2025-02-10", "end_date": "2025-02-11", "reason": "개인 사유"}', 'LEAVE', 'PENDING', 'e0000001-0000-0000-0000-000000000003', '이채용', NOW(), NOW(), NOW()),
    (gen_random_uuid(), 'a0000001-0000-0000-0000-000000000001', 'DOC-DEMO-20250205-002', '휴가 신청 - 임프론', '{"leave_type": "HALF_AM", "start_date": "2025-02-12", "reason": "병원 방문"}', 'LEAVE', 'PENDING', 'e0000001-0000-0000-0000-000000000010', '임프론', NOW(), NOW(), NOW()),
    (gen_random_uuid(), 'a0000001-0000-0000-0000-000000000002', 'DOC-TEST-20250205-001', '휴가 신청 - 이민수', '{"leave_type": "ANNUAL", "start_date": "2025-02-15", "end_date": "2025-02-16", "reason": "가족 행사"}', 'LEAVE', 'PENDING', 'e0000002-0000-0000-0000-000000000003', '이민수', NOW(), NOW(), NOW());

-- ============================================================================
-- 13. 알림 템플릿
-- ============================================================================
INSERT INTO hr_notification.notification_template (id, tenant_id, code, notification_type, channel, name, subject, body_template, is_active, created_at, updated_at)
VALUES
    (gen_random_uuid(), 'a0000001-0000-0000-0000-000000000001', 'APPROVAL_REQUEST_EMAIL', 'APPROVAL', 'EMAIL', '결재 요청', '새로운 결재 요청', '{{requester_name}}님이 {{document_title}} 결재를 요청했습니다.', true, NOW(), NOW()),
    (gen_random_uuid(), 'a0000001-0000-0000-0000-000000000001', 'APPROVAL_REQUEST_PUSH', 'APPROVAL', 'PUSH', '결재 요청', '새로운 결재 요청', '{{requester_name}}님이 {{document_title}} 결재를 요청했습니다.', true, NOW(), NOW()),
    (gen_random_uuid(), 'a0000001-0000-0000-0000-000000000001', 'APPROVAL_APPROVED_EMAIL', 'APPROVAL', 'EMAIL', '결재 승인', '결재가 승인되었습니다', '{{document_title}}이(가) 승인되었습니다.', true, NOW(), NOW()),
    (gen_random_uuid(), 'a0000001-0000-0000-0000-000000000001', 'APPROVAL_REJECTED_EMAIL', 'APPROVAL', 'EMAIL', '결재 반려', '결재가 반려되었습니다', '{{document_title}}이(가) 반려되었습니다. 사유: {{reject_reason}}', true, NOW(), NOW()),
    (gen_random_uuid(), 'a0000001-0000-0000-0000-000000000002', 'APPROVAL_REQUEST_EMAIL', 'APPROVAL', 'EMAIL', '결재 요청', '새로운 결재 요청', '{{requester_name}}님이 {{document_title}} 결재를 요청했습니다.', true, NOW(), NOW());

-- ============================================================================
-- 완료 메시지
-- ============================================================================
SELECT
    '샘플 데이터 생성 완료!' as status,
    (SELECT COUNT(*) FROM tenant_common.tenant) as tenants,
    (SELECT COUNT(*) FROM hr_core.department) as departments,
    (SELECT COUNT(*) FROM hr_core.employee) as employees,
    (SELECT COUNT(*) FROM hr_attendance.attendance_record) as attendance_records;
